{
    "name": "root",
    "gauges": {
        "Play2048.Policy.Entropy.mean": {
            "value": 0.1614769995212555,
            "min": 0.1397511065006256,
            "max": 0.31265056133270264,
            "count": 14667
        },
        "Play2048.Policy.Entropy.sum": {
            "value": 552.5742797851562,
            "min": 102.58585357666016,
            "max": 5336.47265625,
            "count": 14667
        },
        "Play2048.Environment.EpisodeLength.mean": {
            "value": 963.0,
            "min": 74.0,
            "max": 1178.2,
            "count": 14663
        },
        "Play2048.Environment.EpisodeLength.sum": {
            "value": 5778.0,
            "min": 74.0,
            "max": 12324.0,
            "count": 14663
        },
        "Play2048.Step.mean": {
            "value": 249999719.0,
            "min": 176664595.0,
            "max": 249999719.0,
            "count": 14668
        },
        "Play2048.Step.sum": {
            "value": 249999719.0,
            "min": 176664595.0,
            "max": 249999719.0,
            "count": 14668
        },
        "Play2048.Policy.ExtrinsicValueEstimate.mean": {
            "value": 671.4471435546875,
            "min": 209.05224609375,
            "max": 1208.458740234375,
            "count": 14668
        },
        "Play2048.Policy.ExtrinsicValueEstimate.sum": {
            "value": 5371.5771484375,
            "min": 1515.092041015625,
            "max": 14442.3291015625,
            "count": 14668
        },
        "Play2048.Environment.CumulativeReward.mean": {
            "value": 2728.6666666666665,
            "min": 126.0,
            "max": 4094.0,
            "count": 14666
        },
        "Play2048.Environment.CumulativeReward.sum": {
            "value": 16372.0,
            "min": 126.0,
            "max": 38882.0,
            "count": 14666
        },
        "Play2048.Policy.ExtrinsicReward.mean": {
            "value": 2728.6666666666665,
            "min": 126.0,
            "max": 4094.0,
            "count": 14666
        },
        "Play2048.Policy.ExtrinsicReward.sum": {
            "value": 16372.0,
            "min": 126.0,
            "max": 38882.0,
            "count": 14666
        },
        "Play2048.IsTraining.mean": {
            "value": 1.0,
            "min": 1.0,
            "max": 1.0,
            "count": 14668
        },
        "Play2048.IsTraining.sum": {
            "value": 1.0,
            "min": 1.0,
            "max": 1.0,
            "count": 14668
        },
        "Play2048.Losses.PolicyLoss.mean": {
            "value": 0.09332335175827657,
            "min": 0.08615433739933757,
            "max": 0.10886399921228845,
            "count": 5544
        },
        "Play2048.Losses.PolicyLoss.sum": {
            "value": 0.09332335175827657,
            "min": 0.08615433739933757,
            "max": 0.10886399921228845,
            "count": 5544
        },
        "Play2048.Losses.ValueLoss.mean": {
            "value": 5038.401813482147,
            "min": 1730.710994078621,
            "max": 11711.586237100455,
            "count": 5544
        },
        "Play2048.Losses.ValueLoss.sum": {
            "value": 5038.401813482147,
            "min": 1730.710994078621,
            "max": 11711.586237100455,
            "count": 5544
        },
        "Play2048.Policy.LearningRate.mean": {
            "value": 1.6311994895934049e-09,
            "min": 1.6311994895934049e-09,
            "max": 8.798997347003237e-05,
            "count": 5544
        },
        "Play2048.Policy.LearningRate.sum": {
            "value": 1.6311994895934049e-09,
            "min": 1.6311994895934049e-09,
            "max": 8.798997347003237e-05,
            "count": 5544
        },
        "Play2048.Policy.Epsilon.mean": {
            "value": 0.10000051039999999,
            "min": 0.10000051039999999,
            "max": 0.1293299676,
            "count": 5544
        },
        "Play2048.Policy.Epsilon.sum": {
            "value": 0.10000051039999999,
            "min": 0.10000051039999999,
            "max": 0.1293299676,
            "count": 5544
        },
        "Play2048.Policy.Beta.mean": {
            "value": 1.0005052959999979e-05,
            "min": 1.0005052959999979e-05,
            "max": 0.00030036667923999996,
            "count": 5544
        },
        "Play2048.Policy.Beta.sum": {
            "value": 1.0005052959999979e-05,
            "min": 1.0005052959999979e-05,
            "max": 0.00030036667923999996,
            "count": 5544
        }
    },
    "metadata": {
        "timer_format_version": "0.1.0",
        "start_time_seconds": "1629536604",
        "python_version": "3.9.1 (tags/v3.9.1:1e5d33e, Dec  7 2020, 17:08:21) [MSC v.1927 64 bit (AMD64)]",
        "command_line_arguments": "C:\\Users\\Artur\\python-envs\\unity\\Scripts\\mlagents-learn config/trainer_rndLocRndValNormwMaskSimpleReward.yaml --run-id=rndLocRndValNormwMaskSimpleReward --resume",
        "mlagents_version": "0.27.0",
        "mlagents_envs_version": "0.27.0",
        "communication_protocol_version": "1.5.0",
        "pytorch_version": "1.7.1+cu110",
        "numpy_version": "1.20.3",
        "end_time_seconds": "1629859890"
    },
    "total": 323286.6344894,
    "count": 1,
    "self": 0.02427609998267144,
    "children": {
        "run_training.setup": {
            "total": 0.22595450000000028,
            "count": 1,
            "self": 0.22595450000000028
        },
        "TrainerController.start_learning": {
            "total": 323286.3842588,
            "count": 1,
            "self": 63.94728638639208,
            "children": {
                "TrainerController._reset_env": {
                    "total": 58.8693131,
                    "count": 1,
                    "self": 58.8693131
                },
                "TrainerController.advance": {
                    "total": 323163.4589784136,
                    "count": 2793846,
                    "self": 70.02613777422812,
                    "children": {
                        "env_step": {
                            "total": 264951.4602312412,
                            "count": 2793846,
                            "self": 254972.34809661776,
                            "children": {
                                "SubprocessEnvManager._take_step": {
                                    "total": 9905.167035903953,
                                    "count": 2793846,
                                    "self": 255.21346446323332,
                                    "children": {
                                        "TorchPolicy.evaluate": {
                                            "total": 9649.95357144072,
                                            "count": 2706170,
                                            "self": 3862.793930439868,
                                            "children": {
                                                "TorchPolicy.sample_actions": {
                                                    "total": 5787.1596410008515,
                                                    "count": 2706170,
                                                    "self": 5787.1596410008515
                                                }
                                            }
                                        }
                                    }
                                },
                                "workers": {
                                    "total": 73.94509871946266,
                                    "count": 2793846,
                                    "self": 0.0,
                                    "children": {
                                        "worker_root": {
                                            "total": 323125.2772298752,
                                            "count": 2793846,
                                            "is_parallel": true,