{"count":1,"self":29884.9533952,"total":56454.409146,"children":{"InitializeActuators":{"count":56,"self":0.0049495,"total":0.0049495,"children":null},"InitializeSensors":{"count":56,"self":0.0030147,"total":0.0030147,"children":null},"AgentSendState":{"count":7930718,"self":91.5210432,"total":427.20050979999996,"children":{"CollectObservations":{"count":13372292,"self":52.8748448,"total":52.874843299999995,"children":null},"WriteActionMask":{"count":13372292,"self":19.7333456,"total":19.7333459,"children":null},"RequestDecision":{"count":13372292,"self":45.4700288,"total":263.0712754,"children":{"AgentInfo.ToProto":{"count":13372292,"self":56.9908352,"total":217.6012453,"children":{"GenerateSensorData":{"count":13372292,"self":160.6104064,"total":160.61041269999998,"children":null}}}}}}},"DecideAction":{"count":7930718,"self":25664.6201344,"total":25664.6197221,"children":null},"AgentAct":{"count":7930718,"self":475.8035968,"total":475.8036031,"children":null},"AgentInfo.ToProto":{"count":48660,"self":0.625228,"total":1.8241257,"children":{"GenerateSensorData":{"count":48660,"self":1.1988976999999998,"total":1.1988976999999998,"children":null}}}},"gauges":{"Play2048.CumulativeReward":{"count":48660,"max":2046,"min":14,"runningAverage":485.420776,"value":1022,"weightedAverage":603.583252}},"metadata":{"timer_format_version":"0.1.0","start_time_seconds":"1628761383","unity_version":"2020.3.11f1","command_line_arguments":"C:\\Program Files\\Unity\\Hub\\Editor\\2020.3.11f1\\Editor\\Unity.exe -projectpath C:\/Users\/Artur\/Desktop\/2048 -useHub -hubIPC -cloudEnvironment production -hubSessionId df138a40-fb4f-11eb-8b0b-239832f24103 -accessToken bBaVTHGJuL2tBas7pwZNWG9mm-0Un3QCRzk3vd-i5aw012f","communication_protocol_version":"1.5.0","com.unity.ml-agents_version":"2.1.0-exp.1","scene_name":"2048","end_time_seconds":"1628817837"}}